lon,lat,index
113.5461508,22.2025411,0
113.5447723,22.20288144,0
113.5407124,22.19279027,1
113.5583742,22.1537986,1
113.5505388,22.21026618,1
113.549398,22.21217471,1
113.5640938,22.13818943,1
113.5430254,22.19393365,1
113.5463925,22.18599568,1
113.5503434,22.20932449,1
113.5863731,22.13334695,1
113.5461061,22.19687502,1
113.5545507,22.19530799,1
113.5439417,22.21155172,1
113.5443692,22.20505736,1
113.5443692,22.20505736,1
113.5524501,22.21153004,1
113.5480627,22.21425088,1
113.5549976,22.19648315,1
113.5460834,22.19048769,1
113.5461499,22.20071746,1
113.5429834,22.16150054,1
113.5388543,22.19495192,1
113.5540888,22.20931811,1
113.5566784,22.15963023,1
113.5376029,22.20961821,1
113.5533614,22.20571562,1
113.5467027,22.19400618,1
113.5387094,22.20199608,1
113.5616137,22.14831215,1
113.5376474,22.20316508,1
113.5501176,22.21365756,1
113.5436914,22.19023772,1
113.5506507,22.21537012,1
113.5646622,22.14643243,1
113.5443268,22.21020305,1
113.5566784,22.15963023,1
113.551986,22.21239851,1
113.551986,22.21239851,1
113.5387281,22.19271684,1
113.5384122,22.1926311,1
113.5616137,22.14831215,1
113.5506507,22.21537012,1
113.5486635,22.20878216,1
113.5573853,22.13562187,1
113.544934,22.19962762,1
113.5444246,22.20014476,1
113.5553247,22.20490765,1
113.5461499,22.20071746,1
113.5436618,22.19802844,1
113.5445169,22.20045506,1
113.55191,22.14674817,1
113.5648406,22.14473598,1
113.5648406,22.14473598,1
113.5450163,22.21371366,2
113.5444283,22.18996715,2
113.55191,22.14674817,2
113.5510912,22.16037301,2
113.5536482,22.2039475,2
113.5521995,22.21193974,2
113.5503434,22.20932449,2
113.5351531,22.19257353,2
113.5433956,22.19076329,2
113.5445178,22.20172951,2
113.555185,22.21072242,2
113.5512974,22.21201115,2
113.5413116,22.19959699,2
113.5382888,22.19382725,2
113.5493609,22.21284487,2
113.55191,22.14674817,2
113.5500246,22.2104893,2
113.5567071,22.16562757,2
113.5484998,22.21405265,2
113.5339509,22.1890354,2
113.5540315,22.14860159,2
113.5492639,22.20912842,3
113.5445169,22.20045506,3
113.5339518,22.19073701,3
113.5583269,22.15714383,3
113.5462886,22.19587003,3
113.5444283,22.18996715,3
113.5533375,22.20361085,3
113.55191,22.14674817,3
113.5439417,22.21155172,3
113.5421447,22.20064415,3
113.5529874,22.19325759,3
113.5492654,22.21647192,3
113.5421845,22.18962132,3
113.5452928,22.20043864,3
113.5510573,22.1891797,3
113.5409853,22.20719193,3
113.5506507,22.21537012,3
113.5540315,22.14860159,3
113.5526134,22.11682327,3
113.545771,22.20084775,3
113.5489656,22.18761026,3
113.5555721,22.2073699,4
113.5406376,22.20220944,4
113.5521496,22.20769319,4
113.5493609,22.21284487,4
113.5526134,22.11682327,4
113.5429902,22.19586026,4
113.5463735,22.2007089,4
113.540969,22.19533974,4
113.5553247,22.20490765,4
113.5401593,22.2036779,4
113.5518078,22.20924412,4
113.5506507,22.21537012,4
113.5436701,22.21058182,4
113.5552072,22.20859173,4
113.5460834,22.19048769,4
113.5451328,22.21061784,4
113.5421447,22.20064415,4
113.5552072,22.20859173,4
113.5452115,22.20138581,4
113.5436511,22.19341577,4
113.5436511,22.19341577,4
113.5526134,22.11682327,4
113.5553247,22.20490765,4
113.5521496,22.20769319,4
113.5540888,22.20931811,4
113.5553247,22.20490765,4
113.5552072,22.20859173,4
113.5460834,22.19048769,4
113.5418351,22.19820963,4
113.5549976,22.19648315,4
113.5461499,22.20071746,4
113.5546814,22.20364714,4
113.5616137,22.14831215,4
113.5612833,22.129121,4
113.5457067,22.20204104,4
113.5467027,22.19400618,4
113.5494502,22.21114646,4
113.5381354,22.19403497,4
113.5616791,22.14360338,4
113.5644118,22.13026263,4
113.5460834,22.19048769,4
113.5476733,22.19073791,4
113.5382888,22.19382725,4
113.5461061,22.19687502,4
113.5542361,22.20952043,4
113.5443268,22.21020305,4
113.5529051,22.21147782,4
113.5460513,22.19047963,4
113.5546814,22.20364714,4
113.555185,22.21072242,4
113.55191,22.14674817,4
113.5484416,22.19923442,4
113.5444283,22.18996715,4
113.551611,22.2143295,4
113.5460834,22.19048769,5
113.5355584,22.19047974,5
113.5452035,22.20173591,5
113.5694208,22.16231208,5
113.5372334,22.20111942,5
113.5396754,22.1964733,5
113.5458895,22.21299018,5
113.5441084,22.20705352,5
113.566432,22.14907962,5
113.55191,22.14674817,5
113.561543,22.14087511,5
113.5438651,22.20235238,5
113.5460513,22.19047963,5
113.5443692,22.20505736,5
113.5507562,22.21175008,5
113.5653835,22.14610819,5
113.5495254,22.21186485,5
113.5436169,22.21124694,5
113.540969,22.19533974,5
113.549398,22.21217471,5
113.5461061,22.19687502,5
113.5503434,22.20932449,5
113.5555971,22.20777709,5
113.5469308,22.20119018,5
113.5396754,22.1964733,5
113.5506507,22.21537012,5
113.549679,22.20699446,5
113.5409864,22.20412087,5
113.5511804,22.192172,5
113.5366812,22.19514303,5
113.5339509,22.1890354,5
113.5603089,22.13884555,5
113.5612442,22.12993128,5
113.5463925,22.18599568,5
113.580255,22.13275212,5
113.5364716,22.17967393,5
113.5461349,22.20089049,6
113.5494502,22.21114646,6
113.5414808,22.20309058,6
113.5463925,22.20078997,6
113.5528315,22.20147523,6
113.544735,22.20613849,6
113.5346387,22.19097674,6
113.5461499,22.20071746,6
113.5471352,22.20244302,6
113.5468727,22.2007319,6
113.5464749,22.19801216,6
113.5540315,22.14860159,6
113.5456089,22.19633683,6
113.5461349,22.20089049,6
113.545244,22.19503063,6
113.555185,22.21072242,6
113.5436111,22.19179911,6
113.558533,22.16200302,6
113.5408824,22.19996519,6
113.5460513,22.19047963,6
113.5479342,22.2022375,6
113.55191,22.14674817,6
113.5434884,22.19786202,6
113.544999,22.20109427,6
113.5461499,22.20071746,6
113.5461349,22.20089049,6
113.5531641,22.18872727,6
113.5496252,22.20268987,6
113.5444949,22.19825224,6
113.5573287,22.15981332,6
113.5437593,22.210563,6
113.5501088,22.21102064,6
113.5411845,22.21118974,6
113.5436914,22.19023772,6
113.5439417,22.21155172,6
113.5450736,22.1956425,6
113.55191,22.14674817,6
113.5350813,22.18555483,6
113.5427478,22.19226647,6
113.5350813,22.18555483,6
113.5427478,22.19226647,6
113.5467245,22.2143283,6
113.5501282,22.15799333,6
113.5508866,22.20968361,6
113.5503434,22.20932449,6
113.55191,22.14674817,6
113.557576,22.21082328,6
113.5461061,22.19687502,6
113.580255,22.13275212,6
113.5653254,22.14584302,6
113.5540888,22.20931811,6
113.5561605,22.15751458,6
113.5506507,22.21537012,6
113.556403,22.20499042,6
113.5516756,22.12841539,6
113.5461499,22.20071746,6
113.5505978,22.14937684,6
113.5433956,22.19076329,6
113.5383956,22.20180731,6
113.5505388,22.21026618,6
113.5778333,22.16769234,6
113.5434884,22.19786202,6
113.5493609,22.21284487,6
113.543975,22.2075034,6
113.5424764,22.2030327,6
113.5491153,22.21256831,6
113.5485887,22.20315907,6
113.5542622,22.20808298,6
113.5461499,22.20071746,6
113.5461499,22.20071746,6
113.5423447,22.20866137,6
113.5583269,22.15714383,6
113.5493848,22.20040262,6
113.5683803,22.1452123,6
113.5493609,22.21284487,6
113.5443572,22.20498331,6
113.5365612,22.19134339,6
113.5480964,22.20432954,6
113.5408824,22.19996519,6
113.5489138,22.21301208,6
113.5653254,22.14584302,6
113.5505388,22.21026618,6
113.5559128,22.20702234,6
113.548674,22.18521484,6
113.5739732,22.1441833,6
113.5540315,22.14860159,6
113.5444246,22.20014476,6
113.5580572,22.12693639,6
113.5564288,22.20752234,6
113.5561721,22.21018184,6
113.5444246,22.20014476,6
113.5435098,22.20729035,6
113.5460834,22.19048769,6
113.5386189,22.19056682,6
113.5395853,22.1944974,6
113.5447723,22.20288144,6
113.5498076,22.20313936,6
113.5556041,22.16056186,6
113.5540315,22.14860159,6
113.5461349,22.20089049,6
113.5550119,22.20688582,6
113.5493609,22.21284487,6
113.5553247,22.20490765,6
113.5493609,22.21284487,6
113.5540888,22.20931811,6
113.5517976,22.21191801,6
113.557526,22.16178039,7
113.5517694,22.21305835,7
113.5558583,22.2127152,7
113.5467027,22.19400618,7
113.5385955,22.19533648,7
113.5549976,22.19648315,7
113.5464003,22.20390507,7
113.5486635,22.20878216,7
113.5461059,22.20014817,7
113.5461059,22.20014817,7
113.5540315,22.14860159,7
113.5621511,22.14116706,7
113.5470515,22.21070171,7
113.5471352,22.20244302,7
113.5370745,22.19296616,7
113.544422,22.20991615,7
113.5506507,22.21537012,7
113.5460513,22.19047963,7
113.5460834,22.19048769,7
113.5479169,22.1593917,7
113.541238,22.20615912,7
113.5550268,22.16122816,7
113.5471352,22.20244302,7
113.551986,22.21239851,7
113.5514278,22.21122212,7
113.5710671,22.14774507,7
113.5644118,22.13026263,7
113.5450736,22.1956425,7
113.5573699,22.15744347,7
113.5395613,22.19302382,7
113.5613376,22.1583957,7
113.5435912,22.20513578,7
113.5430254,22.19393365,7
113.5505772,22.19051231,7
113.55191,22.14674817,7
113.55191,22.14674817,7
113.5452115,22.20138581,7
113.5429834,22.16150054,7
113.5505388,22.21026618,7
113.5397178,22.19241795,7
113.5461499,22.20071746,7
113.5531309,22.20590329,7
113.5553235,22.20803373,7
113.5440004,22.2019015,7
113.5503434,22.20932449,7
113.5390078,22.19383287,7
113.5478645,22.21089936,7
113.5424528,22.19627627,7
113.5433956,22.19076329,7
113.5443787,22.21282705,7
113.5450736,22.1956425,7
113.5384755,22.19151884,7
113.547785,22.19892605,7
113.5467027,22.19400618,7
113.5489138,22.21301208,7
113.5655213,22.15275397,7
113.55191,22.14674817,7
113.5383349,22.19491074,7
113.5386837,22.19628601,7
113.5446841,22.20374055,7
113.5441774,22.21043382,7
113.5463735,22.2007089,7
113.5506507,22.21537012,7
113.5506507,22.21537012,7
113.5478645,22.21089936,7
113.5653254,22.14584302,7
113.5493609,22.21284487,7
113.555208,22.21216095,7
113.5552072,22.20859173,7
113.55191,22.14674817,7
113.5461349,22.20089049,7
113.5505388,22.21026618,7
113.5467584,22.18529715,7
113.5445688,22.20279299,7
113.5572717,22.20598114,7
113.5606821,22.13017659,7
113.538638,22.19050184,7
113.5606821,22.13017659,7
113.5552072,22.20859173,7
113.5486635,22.20878216,7
113.5538481,22.19636218,7
113.5434884,22.19786202,7
113.5538481,22.19636218,7
113.5460834,22.19048769,7
113.5505388,22.21026618,7
113.5457067,22.20204104,7
113.5456703,22.20728679,7
113.5514278,22.21122212,7
113.5452928,22.20043864,7
113.5428364,22.20290542,7
113.5449473,22.21103461,7
113.5449473,22.21103461,7
113.5573287,22.15981332,7
113.5503434,22.20932449,7
113.554816,22.11992832,7
113.5540661,22.15670081,7
113.54362,22.20990448,7
113.5463925,22.20078997,7
113.55191,22.14674817,7
113.5491153,22.21256831,7
113.5523603,22.18823769,7
113.5461499,22.20071746,7
113.5387268,22.19698736,7
113.5382888,22.19382725,7
113.5467027,22.19400618,7
113.5467027,22.19400618,7
113.5467675,22.19958629,7
113.556455,22.20578278,7
113.5448514,22.22082871,7
113.557576,22.21082328,7
113.5453951,22.20049887,7
113.5467584,22.18529715,7
113.5499999,22.18869759,7
113.5494502,22.21114646,7
113.5469877,22.18927305,7
113.5483746,22.21239985,7
113.5493609,22.21284487,7
113.5550119,22.20688582,7
113.5339509,22.1890354,7
113.5441774,22.21043382,7
113.5436511,22.19341577,7
113.5540315,22.14860159,7
113.5471352,22.20244302,7
113.5436511,22.19341577,7
113.5469341,22.21220899,7
113.5503434,22.20932449,7
113.5561721,22.21018184,7
113.5567071,22.16562757,7
113.55191,22.14674817,7
113.5461349,22.20089049,7
113.5455982,22.19006857,7
113.5498955,22.20780514,7
113.558533,22.16200302,7
113.5564288,22.20752234,7
113.5395853,22.1944974,7
113.5429902,22.19586026,7
113.5498955,22.20780514,7
113.5469308,22.20119018,7
113.5445169,22.20045506,7
113.5739732,22.1441833,7
113.5506507,22.21537012,7
113.5461349,22.20089049,7
113.5553235,22.20803373,7
113.5444283,22.18996715,7
113.5493609,22.21284487,7
113.5433956,22.19076329,8
113.5612442,22.12993128,8
113.5626457,22.13028434,8
113.55191,22.14674817,8
113.5409853,22.20719193,8
113.5461499,22.20071746,8
113.5441774,22.21043382,8
113.5653274,22.14590004,8
113.5424821,22.19340931,8
113.5385955,22.19533648,8
113.5531641,22.18872727,8
113.5580572,22.12693639,8
113.5443787,22.21282705,8
113.5573287,22.15981332,8
113.5558583,22.2127152,8
113.5385955,22.19533648,8
113.5420341,22.20569768,8
113.5482346,22.19111413,8
113.5546922,22.20812371,8
113.542353,22.18867733,8
113.5506507,22.21537012,8
113.5476185,22.20159266,8
113.5554277,22.2086301,8
113.5564099,22.20599378,8
113.5739732,22.1441833,8
113.5440569,22.19779017,8
113.5414269,22.19972029,8
113.5441774,22.21043382,8
113.5508005,22.20957842,8
113.5683803,22.1452123,8
113.5385955,22.19533648,8
113.5444948,22.20100221,8
113.5384122,22.1926311,8
113.5440004,22.2019015,8
113.5616137,22.14831215,8
113.5401593,22.2036779,8
113.5445169,22.20045506,8
113.5688532,22.1589822,8
113.5444967,22.20250774,8
113.5409853,22.20719193,8
113.532984,22.19040256,8
113.5558583,22.2127152,8
113.551346,22.18925925,8
113.55191,22.14674817,8
113.5467027,22.19400618,8
113.5493609,22.21284487,8
113.5445169,22.20045506,8
113.5664663,22.11323611,8
113.5518349,22.14547153,8
113.5444283,22.18996715,8
113.5439417,22.21155172,8
113.5507562,22.21175008,8
113.5613376,22.1583957,8
113.5493609,22.21284487,8
113.5339418,22.18956457,8
113.53439,22.19164739,8
113.552688,22.18993888,8
113.5516234,22.20887766,8
113.5497591,22.20909934,8
113.5439555,22.19895638,8
113.550675,22.21192899,8
113.5533028,22.15022898,8
113.5433956,22.19076329,8
113.5549976,22.19648315,8
113.5432047,22.19774738,8
113.5469739,22.20082413,8
113.5505388,22.21026618,8
113.5428146,22.19910804,8
113.5409853,22.20719193,8
113.5526829,22.18994487,8
113.5503384,22.20973463,8
113.5450736,22.1956425,8
113.5463925,22.20078997,8
113.5428806,22.20085979,8
113.5440266,22.20011593,8
113.5434151,22.20007764,8
113.5613376,22.1583957,8
113.538638,22.19050184,8
113.5526966,22.13282699,8
113.5467027,22.19400618,8
113.5467027,22.19400618,8
113.5440266,22.20011593,8
113.54374,22.19828869,8
113.5498694,22.20842731,8
113.5526134,22.11682327,8
113.5450163,22.21371366,8
113.5461499,22.20071746,8
113.5365658,22.18149682,8
113.5481964,22.20925843,8
113.55191,22.14674817,8
113.5449651,22.21411369,8
113.5493609,22.21284487,8
113.55191,22.14674817,8
113.5501176,22.21365756,8
113.5524501,22.21153004,8
113.5644118,22.13026263,8
113.5478645,22.21089936,8
113.5390078,22.19383287,8
113.5566604,22.20607321,8
113.5413116,22.19959699,8
113.556403,22.20499042,8
113.5527128,22.19284397,8
113.5616137,22.14831215,8
113.5483746,22.21239985,8
113.5540315,22.14860159,8
113.5337162,22.189493,8
113.5547913,22.20866606,8
113.5466782,22.20064148,8
113.5466782,22.20064148,8
113.5446841,22.20374055,8
113.5457415,22.19108922,8
113.5572717,22.20598214,8
113.5505388,22.21026618,8
113.5426873,22.19800638,8
113.5454274,22.19589231,8
113.5460834,22.19048769,8
113.547777,22.19963928,8
113.540969,22.19533974,8
113.5624444,22.12945373,8
113.5552904,22.20920307,8
113.5581114,22.15803885,8
113.5509215,22.21322388,8
113.5385372,22.19804631,8
113.5569253,22.15381937,8
113.5581237,22.15392127,8
113.5479342,22.2022375,8
113.5493609,22.21284487,8
113.5653835,22.14610819,8
113.5495504,22.2116078,8
113.5448172,22.19161254,8
113.5498694,22.20842731,8
113.5553247,22.20490765,8
113.5503434,22.20932449,8
113.5428364,22.20290542,8
113.5504179,22.18817617,8
113.5496306,22.21256528,8
113.5521496,22.20769319,8
113.547869,22.2023184,8
113.5461349,22.20089049,8
113.5503434,22.20932449,8
113.538788,22.19574506,8
113.5403004,22.19244725,8
113.5491153,22.21256831,8
113.5503434,22.20932449,8
113.5384695,22.19042744,8
113.5460834,22.19048769,8
113.553819,22.21331902,8
113.5512974,22.21201115,8
113.5458895,22.21299018,8
113.5542622,22.20808298,8
113.5510237,22.21433644,8
113.5382888,22.19382725,8
113.5552072,22.20859173,8
113.5580283,22.15740648,8
113.551346,22.18925925,8
113.5382888,22.19382725,8
113.5469847,22.20447043,9
113.5503434,22.20932449,9
113.5546814,22.20364714,9
113.5644118,22.13026263,9
113.5450055,22.20989734,9
113.5355584,22.19047974,9
113.53439,22.19164739,9
113.5435332,22.15511222,9
113.5467027,22.19400618,9
113.566483,22.15026715,9
113.5516042,22.21061823,9
113.5493609,22.21284487,9
113.5586024,22.20475576,9
113.5345454,22.19191286,9
113.5467027,22.19400618,9
113.55191,22.14674817,9
113.5496252,22.20268987,9
113.5616791,22.14360338,9
113.5463735,22.2007089,9
113.5580572,22.12693639,9
113.5467027,22.19400618,9
113.5504249,22.20547432,9
113.5445688,22.20279299,9
113.55191,22.14674817,9
113.55191,22.14674817,9
113.5505388,22.21026618,9
113.5430254,22.19393365,9
113.5495405,22.20947106,9
113.5467027,22.19400618,9
113.55191,22.14674817,9
113.5506507,22.21537012,9
113.5632463,22.1537745,9
113.5428806,22.20085979,9
113.5366834,22.19295425,9
113.5613376,22.1583957,9
113.5461061,22.19687502,9
113.5385955,22.19533648,9
113.5655213,22.15275397,9
113.5478668,22.18990799,9
113.5585242,22.15833259,9
113.5777856,22.16239329,9
113.5547913,22.20866606,9
113.5521496,22.20769319,9
113.555189,22.21098252,9
113.5384122,22.1926311,9
113.5421447,22.20064415,9
113.5549077,22.19192037,9
113.5467027,22.19400618,9
113.5503434,22.20932449,9
113.5543996,22.2071899,9
113.5778254,22.13480246,9
113.5447723,22.20288144,9
113.5640938,22.13818943,9
113.5460834,22.19048769,9
113.5362925,22.19047045,9
113.5459256,22.19764293,9
113.5582627,22.20554352,9
113.5534324,22.2084757,9
113.5455141,22.20482962,9
113.5558583,22.2127152,9
113.5436914,22.19023772,9
113.5541771,22.20686841,9
113.5506507,22.21537012,9
113.5552072,22.20859173,9
113.5560643,22.1574464,9
113.5500246,22.2104893,9
113.5501508,22.21132782,9
113.5506507,22.21537012,9
113.5616137,22.14831215,9
113.5476185,22.20159266,9
113.5433956,22.19076329,9
113.5452115,22.20138581,9
113.5505388,22.21026618,9
113.5513344,22.21341169,9
113.5534324,22.2084757,9
113.5554435,22.19655091,9
113.5383941,22.19339733,9
113.5430254,22.19393365,9
113.5530895,22.21129107,9
113.5616469,22.14649348,9
113.540348,22.19930779,9
113.5460834,22.19048769,9
113.5421497,22.20171054,9
113.532984,22.19040256,9
113.5647293,22.14616941,9
113.5443787,22.21282705,9
113.5440368,22.19707788,9
113.5467027,22.19400618,9
113.5521496,22.20769319,9
113.5549976,22.19648315,9
113.5464003,22.20390507,9
113.5586275,22.15685918,9
113.5539959,22.20426921,9
113.5523078,22.20984721,9
113.5463735,22.2007089,9
113.5513344,22.21341169,9
113.5392363,22.19554499,10
113.5507562,22.21175008,10
113.5495405,22.20947106,10
113.5439992,22.20598992,10
113.5536782,22.15799965,10
113.5567071,22.16562757,10
113.5439669,22.19409768,10
113.5498694,22.20842731,10
113.5558583,22.2127152,10
113.5467027,22.19400618,10
113.55191,22.14674817,10
113.5461349,22.20089049,10
113.580255,22.13275212,10
113.550675,22.21192899,10
113.5529093,22.16042726,10
113.5648406,22.14473598,10
113.5392593,22.19619327,10
113.5440004,22.2019015,10
113.5505388,22.21026618,10
113.5392593,22.19619327,10
113.550675,22.21192899,10
113.5547944,22.20854003,10
113.5452035,22.20173591,10
113.5434151,22.20007764,10
113.5382888,22.19382725,10
113.5385955,22.19533648,10
113.5467836,22.19942026,10
113.5409853,22.20719193,10
113.5379712,22.1898601,10
113.5384755,22.19151884,10
113.5435664,22.20089225,10
113.5613376,22.1583957,10
113.5422578,22.20485787,10
113.5616791,22.14360338,10
113.5540888,22.20931811,10
113.5519702,22.19314577,10
113.5429426,22.20370792,10
113.5430254,22.19393365,10
113.5461349,22.20089049,10
113.544422,22.20991615,10
113.5447637,22.19621707,10
113.5413116,22.19959699,10
113.5459354,22.20109416,10
113.5606821,22.13017659,10
113.5512974,22.21201115,10
113.5506507,22.21537012,10
113.5376474,22.20316508,10
113.5477968,22.20337463,10
113.5429902,22.19586026,10
113.539466,22.20947937,10
113.5525655,22.20836516,10
113.5503434,22.20932449,10
113.550893,22.18865421,10
113.5447637,22.19621707,10
113.5447637,22.19621707,10
113.5433956,22.19076329,10
113.5339509,22.1890354,10
113.5493609,22.21284487,10
113.5419778,22.19333821,10
113.5427478,22.19226647,10
113.5621511,22.14116706,10
113.5444246,22.20014476,10
113.5469847,22.20447043,10
113.5506507,22.21537012,10
113.5446841,22.20374055,10
113.555189,22.21098252,10
113.566432,22.14907962,10
113.5452519,22.21335402,10
113.5572795,22.2093163,10
113.5429357,22.20151814,10
113.5444283,22.18996715,10
113.557576,22.21082328,10
113.5460513,22.19047963,10
113.5419379,22.20579651,10
113.5493609,22.21284487,10
113.5421845,22.18962132,10
113.5401971,22.19242801,10
113.5430254,22.19393365,10
113.532984,22.19040256,10
113.5443572,22.20498331,10
113.5413041,22.19145308,10
113.5526134,22.11682327,10
113.5432538,22.19845974,10
113.5434008,22.20324772,10
113.550998,22.20826533,10
113.5570882,22.20783349,10
113.5413116,22.19959699,10
113.5516756,22.12841539,10
113.5491153,22.21256831,10
113.5491817,22.20930132,10
113.5434701,22.20182337,10
113.5468974,22.19040728,10
113.5506507,22.21537012,10
113.5461059,22.20014817,10
113.543167,22.2071966,10
113.5423447,22.20866137,10
113.5556591,22.20950578,10
113.5443787,22.21282705,10
113.558536,22.14529451,10
113.5467027,22.19400618,10
113.5595202,22.20528831,10
113.5648406,22.14473598,10
113.5493609,22.21284487,10
113.5506869,22.21481899,10
113.5388543,22.19495192,10
113.5461059,22.20014817,10
113.5691989,22.15550022,10
113.5381755,22.19347386,10
113.5350813,22.18555483,10
113.5533614,22.20571562,10
113.5549976,22.19648315,10
113.5460834,22.19048769,10
113.5444283,22.18996715,10
113.5616791,22.14360338,11
113.5454274,22.19589231,11
113.5467027,22.19400618,11
113.5460834,22.19048769,11
113.5540888,22.20931811,11
113.5421383,22.20637814,11
113.5521654,22.21183564,11
113.5512974,22.21201115,11
113.5350813,22.18555483,11
113.5431856,22.19779136,11
113.55275,22.19142052,11
113.5461188,22.20190882,11
113.5466782,22.20064148,11
113.5491153,22.21256831,11
113.5466782,22.20064148,11
113.5350813,22.18555483,11
113.5409064,22.202129,11
113.554096,22.20590194,11
113.5496016,22.21135882,11
113.5409125,22.20088158,11
113.5457067,22.20204104,11
113.5547944,22.20854003,11
113.5436914,22.19023772,11
113.5429834,22.16150054,11
113.544999,22.20109427,11
113.5710671,22.14774507,11
113.54332,22.19800871,11
113.5460513,22.19047963,11
113.5434476,22.20936794,11
113.5526966,22.13282699,11
113.5491153,22.21256831,11
113.5566604,22.20607321,11
113.543219,22.20848516,11
113.541238,22.20615912,11
113.5533614,22.20571562,11
113.5507552,22.21175008,11
113.5684372,22.11702792,11
113.5684372,22.11702792,11
113.5548666,22.19166621,11
113.5528012,22.1579091,11
113.580255,22.13275212,11
113.5524486,22.20290706,11
113.5549976,22.19648315,11
113.5557371,22.19694253,11
113.5702945,22.14032637,11
113.543982,22.20760144,11
113.561543,22.14087511,11
113.5506507,22.21537012,11
113.5461499,22.20071746,11
113.5694208,22.16231208,11
113.5640938,22.13818943,11
113.542353,22.18867733,11
113.5444967,22.20250774,11
113.5445169,22.20045506,11
113.5429857,22.20334088,11
113.5553247,22.20490765,11
113.5526134,22.11682327,11
113.5546814,22.20364714,11
113.5385582,22.19908472,11
113.5422859,22.2033444,11
113.5444283,22.18996715,11
113.534353,22.18910839,11
113.5409853,22.20719193,11
113.5444967,22.20250774,11
113.5710671,22.14774507,11
113.5553247,22.20490765,11
113.5445169,22.20045506,11
113.551986,22.21239851,11
113.551986,22.21239851,11
113.5461499,22.20071746,11
113.5477688,22.20240624,11
113.5547944,22.20854003,11
113.5507562,22.21175008,11
113.5501508,22.21132782,11
113.538638,22.19050184,11
113.5451568,22.19464031,11
113.5455619,22.19450909,11
113.5516756,22.12841539,11
113.5410116,22.20332665,11
113.5467836,22.19942026,11
113.5460513,22.19047963,11
113.5444246,22.20014476,11
113.5364716,22.17967393,11
113.5428031,22.20616148,11
113.554816,22.11992832,11
113.5419778,22.19333821,11
113.5491153,22.21256831,11
113.5553247,22.20490765,11
113.5550119,22.20688582,11
113.5429357,22.20151814,11
113.5467027,22.19400618,11
113.5553247,22.20490765,11
113.5467027,22.19400618,11
113.5540888,22.20931811,11
113.5613376,22.1583957,11
113.5459895,22.20111928,11
113.5553247,22.20490765,11
113.5526134,22.11682327,11
113.5357057,22.19203865,11
113.5460834,22.19048769,11
113.5435664,22.20089225,11
113.5564519,22.19240206,11
113.5503434,22.20932449,11
113.5385955,22.19533648,11
113.5546103,22.15598245,11
113.53439,22.19164739,11
113.5469847,22.20447043,11
113.5747463,22.15770924,11
113.5513344,22.21341169,11
113.5445234,22.20814875,11
113.5494586,22.18934081,11
113.5434807,22.20838567,11
113.5491153,22.21256831,11
113.5438657,22.12911056,11
113.5506507,22.21537012,11
113.5503434,22.20932449,11
113.5491153,22.21256831,11
113.5461061,22.19687502,11
113.5683467,22.15445089,11
113.5482904,22.21210259,11
113.5388513,22.19495092,11
113.5447637,22.19621707,11
113.5493609,22.21284487,11
113.5494586,22.18934081,11
113.5640938,22.13818943,11
113.548674,22.18521484,11
113.5552904,22.20920307,11
113.5476185,22.20159266,11
113.542353,22.18867733,11
113.5508015,22.20958342,11
113.544732,22.20709381,11
113.5863731,22.13334695,11
113.5549976,22.19648315,11
113.5433956,22.19076329,11
113.5617802,22.1455623,11
113.5435653,22.20188359,11
113.5395979,22.20066861,11
113.5398678,22.19889958,11
113.5447073,22.20105066,11
113.5481964,22.20925843,11
113.5496306,22.21256528,11
113.5465959,22.20243195,11
113.5447073,22.20105066,11
113.556455,22.20578278,11
113.5495405,22.20947106,12
113.543982,22.20760144,12
113.5461499,22.20071746,12
113.580255,22.13275212,12
113.5450736,22.1956425,12
113.544732,22.20709381,12
113.5467537,22.1957339,12
113.55191,22.14674817,12
113.5445169,22.20045506,12
113.5558583,22.2127152,12
113.5528315,22.20147523,12
113.5383188,22.19545089,12
113.5445169,22.20045506,12
113.5496016,22.21135882,12
113.5550228,22.16168033,12
113.5438511,22.20104289,12
113.5436914,22.19023772,12
113.5461349,22.20089049,12
113.53439,22.19164739,12
113.537517,22.18881869,12
113.5413116,22.19959699,12
113.5552265,22.15738201,12
113.561543,22.14087511,12
113.5445889,22.20325519,12
113.5354369,22.19330046,12
113.5439417,22.21155172,12
113.5540315,22.14860159,12
113.5447637,22.19621707,12
113.5549077,22.19192037,12
113.5459256,22.19764293,12
113.5503434,22.20932449,12
113.5461349,22.20089049,12
113.5589288,22.12885249,12
113.5345425,22.1898391,12
113.55191,22.14674817,12
113.548937,22.21094542,12
113.5438511,22.20104289,12
113.5501587,22.21351458,12
113.5552904,22.20920307,12
113.5387311,22.19291492,12
113.5503434,22.20932449,12
113.5553247,22.20490765,12
113.5549077,22.19192037,12
113.55191,22.14674817,12
113.5548792,22.15129207,12
113.5436511,22.19341577,12
113.5436511,22.19341577,12
113.5617802,22.1455623,12
113.5520507,22.18776997,12
113.5457067,22.20204104,12
113.5411845,22.21118974,12
113.5478645,22.21089936,12
113.5395979,22.20066861,12
113.5402954,22.20689732,12
113.5569253,22.15381937,12
113.5616791,22.14360338,12
113.5566604,22.20607321,12
113.5581114,22.15803885,12
113.5476733,22.19073791,12
113.5460915,22.18995452,12
113.5467027,22.19400618,12
113.5460513,22.19047963,12
113.5387094,22.20199608,12
113.538589,22.20307119,12
113.5558583,22.2127152,12
113.5538872,22.19657132,12
113.5444403,22.18980711,12
113.55191,22.14674817,12
113.55191,22.14674817,12
113.5463735,22.2007089,12
113.5589288,22.12885249,12
113.5346387,22.19097674,12
113.5493609,22.21284487,12
113.5439417,22.21155172,12
113.5526966,22.13282699,12
113.5469308,22.20119018,12
113.5455982,22.19006857,12
113.5444967,22.20250774,12
113.5496016,22.21135882,12
113.543879,22.20341578,12
113.5566604,22.20607321,12
113.5487514,22.21401712,12
113.5319271,22.18729685,12
113.5478668,22.18990799,12
113.55191,22.14674817,12
113.5459256,22.19764293,12
113.5444967,22.20250774,12
113.580255,22.13275212,12
113.5547382,22.16098259,12
113.5503384,22.20973463,12
113.5467537,22.1957339,12
113.5387392,22.20651872,12
113.5460834,22.19048769,12
113.5443712,22.20527344,12
113.5397698,22.19442478,12
113.5505772,22.19051231,12
113.5388487,22.20319582,12
113.5452035,22.20173591,12
113.5478645,22.21089936,12
113.5501999,22.21297448,12
113.5461429,22.20012524,12
113.5603089,22.13884555,12
113.5524501,22.21153004,12
113.5467537,22.1957339,12
113.5496252,22.20268987,12
113.5444283,22.18996715,12
113.5541267,22.1962326,12
113.5506507,22.21537012,12
113.5460834,22.19048769,12
113.5501176,22.21365756,12
113.5395853,22.1944974,13
113.55191,22.14674817,13
113.5463925,22.20078997,13
113.5495284,22.21191087,13
113.55191,22.14674817,13
113.5461499,22.20071746,13
113.5530533,22.21336872,13
113.5485793,22.20865896,13
113.5461499,22.20071746,13
113.5460455,22.18828982,13
113.5461499,22.20071746,13
113.5473216,22.20370782,13
113.5569058,22.20801327,13
113.5469877,22.18927305,13
113.5461349,22.20089049,13
113.5413041,22.19145308,13
113.5747463,22.15770924,13
113.5543494,22.16179225,13
113.5388543,22.19495192,13
113.5419379,22.20579651,13
113.558536,22.14529451,13
113.547785,22.19892605,13
113.53443,22.19311901,13
113.5535854,22.21375276,13
113.5461188,22.20190882,13
113.5605373,22.13860078,13
113.5710671,22.14774507,13
113.558536,22.14529451,13
113.55191,22.14674817,13
113.5413041,22.19145308,13
113.5497591,22.20909934,13
113.5366862,22.17973045,13
113.5493609,22.21284487,13
113.5467836,22.19942026,13
113.5494586,22.18934081,13
113.5539327,22.15866234,13
113.5506507,22.21537012,13
113.5463735,22.2007089,13
113.5545507,22.19530799,13
113.5558583,22.2127152,13
113.5457067,22.20204104,13
113.5467027,22.19400618,13
113.5469308,22.20119018,13
113.5493609,22.21284487,13
113.5547913,22.20866606,13
113.5445169,22.20045506,13
113.5471352,22.20244302,13
113.5471352,22.20244302,13
113.5389022,22.1985183,13
113.5540315,22.14860159,13
113.5395979,22.20066861,13
113.5476552,22.1908039,13
113.5526907,22.210194,13
113.5429357,22.20151814,13
113.5506507,22.21537012,13
113.5415312,22.19866314,13
113.5434884,22.19786202,13
113.5376908,22.19932984,13
113.5339418,22.18956457,13
113.5453527,22.20406503,13
113.5581114,22.15803885,13
113.5471352,22.20244302,13
113.5468727,22.2007319,13
113.5460834,22.19048769,13
113.5426873,22.19800638,13
113.5609559,22.15818109,13
113.5505388,22.21026618,13
113.5460834,22.19048769,13
113.5381354,22.19403497,13
113.5424821,22.19340931,13
113.55191,22.14674817,13
113.5429857,22.20334088,13
113.5540888,22.20931811,13
113.5616791,22.14360338,13
113.5506507,22.21537012,13
113.5443787,22.21282705,13
113.5569253,22.15381937,13
113.5441888,22.20467586,13
113.5503434,22.20932449,13
113.542353,22.18867733,13
113.5505388,22.21026618,13
113.5495405,22.20947106,13
113.5644118,22.13026263,13
113.5421845,22.18962132,13
113.5460513,22.19047963,13
113.5640938,22.13818943,13
113.545918,22.20695917,13
113.5573287,22.15981332,13
113.5457415,22.19108922,13
113.5459895,22.20111928,13
113.552163,22.18724498,13
113.5460455,22.18828982,13
113.5408824,22.19996519,13
113.556455,22.20578278,13
113.553707,22.2088423,13
113.538638,22.19050184,13
113.5558583,22.2127152,14
113.5580572,22.12693639,14
113.5439992,22.20598992,14
113.5347409,22.208074,14
113.5555971,22.20777709,14
113.55191,22.14674817,14
113.5481964,22.20925843,14
113.5452115,22.20138581,14
113.5433956,22.19076329,14
113.5544195,22.16181838,14
113.5496521,22.2043595,14
113.566432,22.14907962,14
113.5464003,22.20390507,14
113.5414124,22.19132327,14
113.5441084,22.20705352,14
113.534387,22.19127925,14
113.5557371,22.19694253,14
113.5553247,22.20490765,14
113.5413116,22.19959699,14
113.53439,22.19164739,14
113.5557371,22.19694253,14
113.5543215,22.15824584,14
113.5444403,22.18980711,14
113.5616791,22.14360338,14
113.5580572,22.12693639,14
113.5402954,22.20689732,14
113.5493609,22.21284487,14
113.5471352,22.20244302,14
113.543219,22.20848516,14
113.55191,22.14674817,14
113.540348,22.19930779,14
113.5444283,22.18996715,14
113.5462886,22.19587003,14
113.5653254,22.14584302,14
113.5549077,22.19192037,14
113.5357708,22.19263601,14
113.55191,22.14674817,14
113.5521496,22.20769319,14
113.5526134,22.11682327,14
113.5382888,22.19382725,14
113.5522766,22.14918278,14
113.5455783,22.2032602,14
113.554816,22.11992832,14
113.541238,22.20615912,14
113.5467027,22.19400618,14
113.5501649,22.21086669,14
113.5553247,22.20490765,14
113.5509215,22.21322388,14
113.5534681,22.11964693,14
113.5447723,22.20288144,14
113.5471352,22.20244302,14
113.566432,22.14907962,14
113.5463735,22.2007089,14
113.5470156,22.19256829,14
113.5506507,22.21537012,14
113.548937,22.21094542,14
113.544084,22.19642174,14
113.5373627,22.201943,14
113.5471352,22.20244302,14
113.5443692,22.20505736,14
113.55191,22.14674817,14
113.5431856,22.19779136,14
113.5504459,22.20607856,14
113.5481008,22.21455906,14
113.5542361,22.20952043,14
113.5385582,22.19908472,14
113.5409864,22.20412087,14
113.5445768,22.20430153,14
113.5388765,22.19182686,14
113.5540315,22.14860159,14
113.5561605,22.15751458,14
113.547785,22.19892605,14
113.5553235,22.20803373,14
113.5366812,22.19514303,14
113.5383349,22.19491074,14
113.5488845,22.20154607,14
113.5540888,22.20931811,14
113.5710671,22.14774507,14
113.5429902,22.19586026,14
113.5471352,22.20244302,14
113.5409853,22.20719193,14
113.5684372,22.11702792,14
113.545771,22.20084775,14
113.5445318,22.20131639,14
113.5375521,22.1880825,14
113.538638,22.19050184,14
113.5440569,22.19779017,14
113.580255,22.13275212,14
113.555189,22.21098252,14
113.5467027,22.19400618,14
113.556455,22.20578278,14
113.5434884,22.19786202,14
113.5464003,22.20390507,14
113.5460834,22.19048769,14
113.548937,22.21094542,14
113.5461499,22.20071746,14
113.5549976,22.19648315,14
113.5452115,22.20138581,14
113.5505388,22.21026618,14
113.5350813,22.18555483,14
113.547785,22.19892605,14
113.5495405,22.20947106,14
113.5445169,22.20045506,14
113.5463925,22.20078997,14
113.5346157,22.19016239,14
113.5710671,22.14774507,14
113.5573287,22.15981332,14
113.5327935,22.18952878,14
113.5467537,22.1957339,14
113.5469877,22.18927305,14
113.561543,22.14087511,14
113.5424821,22.19340931,14
113.5401593,22.2036779,14
113.5539809,22.20412013,14
113.5424821,22.19340931,14
113.5495595,22.21028137,14
113.566432,22.14907962,14
113.5639767,22.15179067,14
113.5390398,22.21074285,14
113.5506507,22.21537012,14
113.5444283,22.18996715,14
113.5688597,22.11831391,14
113.5512974,22.21201115,14
113.5387666,22.2016791,14
113.5428984,22.18989693,14
113.5444246,22.20014476,14
113.5450736,22.1956425,14
113.5544568,22.20536637,14
113.5549976,22.19648315,14
113.5443692,22.20505736,14
113.5433956,22.19076329,14
113.5409064,22.202129,14
113.5616137,22.14831215,14
113.5399875,22.19303377,14
113.5417264,22.20351726,14
113.5421383,22.20637814,14
113.5414808,22.20309058,14
113.5366812,22.19514303,14
113.5683803,22.1452123,14
113.5392747,22.20675201,14
113.5471775,22.19954708,14
113.5373842,22.19485755,14
113.5526134,22.11682327,14
113.5479342,22.2022375,14
113.5486635,22.20878216,14
113.5480627,22.21425088,14
113.5547913,22.20866606,14
113.5350813,22.18555483,14
113.5542511,22.19492135,14
113.538638,22.19050184,14
113.5540315,22.14860159,14
113.5503434,22.20932449,14
113.5395853,22.1944974,14
113.561543,22.14087511,14
113.5444403,22.18980711,15
113.5328908,22.18918689,15
113.5388543,22.19495192,15
113.5374851,22.20122303,15
113.5460834,22.19048769,15
113.5346157,22.19016239,15
113.551986,22.21239851,15
113.5464003,22.20390507,15
113.5395979,22.20066861,15
113.5527932,22.20627583,15
113.5355522,22.19343378,15
113.5419661,22.20314465,15
113.5459256,22.19764293,15
113.556455,22.20578278,15
113.5549077,22.19192037,15
113.5495405,22.20947106,15
113.5450736,22.1956425,15
113.5444403,22.18980711,15
113.5371256,22.19400665,15
113.5694208,22.16231208,15
113.5489138,22.21301208,15
113.5562955,22.20822537,15
113.561543,22.14087511,15
113.5598047,22.20553182,15
113.5503434,22.20932449,15
113.5494502,22.21114646,15
113.5476733,22.19073791,15
113.5444403,22.18980711,15
113.55191,22.14674817,15
113.5568909,22.20625464,15
113.5543996,22.2071899,15
113.5460834,22.19048769,15
113.5503434,22.20932449,15
113.5512974,22.21201115,15
113.5498253,22.20753592,15
113.5531219,22.20600431,15
113.5460834,22.19048769,15
113.5564099,22.20599378,15
113.55191,22.14674817,15
113.5360184,22.19429318,15
113.5325357,22.18891893,15
113.5388543,22.19495192,15
113.5702945,22.14032637,15
113.5612442,22.12993128,15
113.5517225,22.21005424,15
113.5505388,22.21026618,15
113.5398252,22.20688528,15
113.5549976,22.19648315,15
113.5655213,22.15275397,15
113.5501508,22.21132782,15
113.5366812,22.19514303,15
113.5489138,22.21301208,15
113.55191,22.14674817,15
113.5568347,22.20688377,15
113.5460834,22.19048769,15
113.5419379,22.20579651,15
113.5392593,22.19619327,15
113.5402954,22.20689732,15
113.5543996,22.2071899,15
113.5382888,22.19382725,15
113.5526966,22.13282699,15
113.5552072,22.20859173,15
113.5467584,22.18529715,15
113.5558583,22.2127152,15
113.5505388,22.21026618,15
113.5513344,22.21341169,15
113.5572795,22.2093163,15
113.5460834,22.19048769,15
113.5409853,22.20719193,15
113.5421497,22.20171054,15
113.5392747,22.20675201,15
113.551986,22.21239851,15
113.5526134,22.11682327,15
113.5428984,22.18989693,15
113.5553247,22.20490765,15
113.5436169,22.21124694,15
113.5439992,22.20598992,15
113.5388117,22.20191429,15
113.5480627,22.21425088,15
113.5495284,22.21191087,15
113.561543,22.14087511,15
113.5460256,22.20113936,15
113.5436169,22.21124694,15
113.5409853,22.20719193,15
113.5543996,22.2071899,15
113.5467584,22.18529715,15
113.5414269,22.19972029,15
113.5739732,22.1441833,15
113.5461349,22.20089049,15
113.5616137,22.14831215,15
113.5413116,22.19959699,15
113.5462886,22.19587003,15
113.5568329,22.15702347,15
113.5471352,22.20244302,15
113.5493609,22.21284487,15
113.5460513,22.19047963,15
113.5383122,22.20389385,15
113.5486216,22.18986842,15
113.5407911,22.20065523,15
113.5415939,22.20691015,15
113.5581237,22.15392127,15
113.5479342,22.2022375,15
113.5359955,22.19288163,15
113.53439,22.19164739,15
113.5343559,22.19103809,15
113.5503434,22.20932449,15
113.5493609,22.21284487,15
113.5517976,22.21191801,15
113.5542361,22.20952043,15
113.4991289,22.23832142,15
113.5443612,22.20402099,15
113.5583269,22.15714383,15
113.5455783,22.2032602,16
113.5553235,22.20803373,16
113.544319,22.20579352,16
113.5419041,22.20008344,16
113.5522184,22.21360033,16
113.5526134,22.11682327,16
113.5382485,22.21279477,16
113.5493609,22.21284487,16
113.5444403,22.18980711,16
113.5557371,22.19694253,16
113.5460834,22.19048769,16
113.544422,22.20991615,16
113.5486635,22.20878216,16
113.5506507,22.21537012,16
113.5449651,22.21411369,16
113.5498694,22.20842731,16
113.5355584,22.19047974,16
113.5739732,22.1441833,16
113.5441774,22.21043382,16
113.5549077,22.19192037,16
113.5436169,22.21124694,16
113.5430254,22.19393365,16
113.5355584,22.19047974,16
113.5506507,22.21537012,16
113.5462886,22.19587003,16
113.5345425,22.1898391,16
113.5505772,22.19051231,16
113.5558583,22.2127152,16
113.5477051,22.21099508,16
113.5503434,22.20932449,16
113.5460834,22.19048769,16
113.5376672,22.19231829,16
113.5339509,22.1890354,16
113.547785,22.19892605,16
113.5472684,22.20460503,16
113.5382888,22.19382725,16
113.5503434,22.20932449,16
113.5368629,22.20875821,16
113.5434884,22.19786202,16
113.5460834,22.19048769,16
113.5385372,22.19804631,16
113.5407124,22.19279027,16
113.5506507,22.21537012,16
113.5377781,22.19822064,16
113.5420341,22.20569768,16
113.5603089,22.13884555,16
113.5336921,22.18884871,16
113.5433956,22.19076329,16
113.5549976,22.19648315,16
113.5506507,22.21537012,16
113.5444967,22.20250774,16
113.5455783,22.2032602,16
113.5402954,22.20689732,16
113.5573287,22.15981332,16
113.5573287,22.15981332,16
113.5467584,22.18529715,16
113.5493609,22.21284487,16
113.5493609,22.21284487,16
113.555185,22.21072242,16
113.5438511,22.20104289,16
113.5439197,22.19407957,16
113.5440266,22.20011593,16
113.5382888,22.19382725,16
113.543629,22.21000454,16
113.5517976,22.21191801,16
113.5616791,22.14360338,16
113.5440266,22.20011593,16
113.5332598,22.18984602,16
113.553551,22.1883518,16
113.5463925,22.18599568,16
113.5372334,22.20111942,16
113.5539586,22.20862665,16
113.5553235,22.20803373,16
113.553707,22.2088423,16
113.5543996,22.2071899,16
113.5517976,22.21191801,16
113.5460834,22.19048769,16
113.5536782,22.15799965,16
113.5428009,22.1626856,16
113.5493609,22.21284487,16
113.5374248,22.20396885,16
113.5370133,22.19379832,16
113.5383155,22.2000175,16
113.5503434,22.20932449,16
113.5694208,22.16231208,16
113.5457439,22.20121282,16
113.5493609,22.21284487,16
113.5505772,22.19051231,16
113.5378406,22.19300193,16
113.5388543,22.19495192,16
113.5388543,22.19495192,16
113.5506507,22.21537012,16
113.5368629,22.20875821,16
113.5553247,22.20490765,16
113.5485793,22.20865896,16
113.5528354,22.18802444,16
113.5319271,22.18729685,16
113.5463334,22.20066281,16
113.5478668,22.18990799,16
113.5547913,22.20866606,16
113.5558583,22.2127152,16
113.5526134,22.11682327,16
113.5503434,22.20932449,16
113.5507562,22.21175008,16
113.5389956,22.1962497,16
113.5478668,22.18990799,16
113.5495405,22.20947106,16
113.5346387,22.19097674,16
113.5350813,22.18555483,16
113.5437354,22.20835719,16
113.5429613,22.19324127,16
113.5443787,22.21282705,16
113.5495405,22.20947106,16
113.5583269,22.15714383,16
113.5540315,22.14860159,16
113.5383303,22.20313262,16
113.5466713,22.19990621,16
113.5463735,22.2007089,16
113.55191,22.14674817,16
113.5566604,22.20607321,16
113.5478668,22.18990799,16
113.5503434,22.20932449,16
113.5109238,22.2495288,16
113.5467027,22.19400618,16
113.5477446,22.20448892,16
113.5385582,22.19908472,16
113.5531641,22.18872727,16
113.55191,22.14674817,16
113.5331706,22.18896649,16
113.5460834,22.19048769,16
113.5497591,22.20909934,16
113.5419379,22.20579651,16
113.5385441,22.20042516,16
113.5350813,22.18555483,16
113.5467027,22.19400618,16
113.5498112,22.19294877,16
113.5517694,22.21305835,16
113.5538937,22.15690059,16
113.5561975,22.20559631,16
113.5542194,22.15733131,16
113.5376474,22.20316508,17
113.5510845,22.15677761,17
113.5521496,22.20769319,17
113.5547913,22.20866606,17
113.5407576,22.19266633,17
113.5583269,22.15714383,17
113.5510912,22.16037301,17
113.5402119,22.19580925,17
113.546711,22.20543022,17
113.5486635,22.20878216,17
113.550893,22.18865421,17
113.5739732,22.1441833,17
113.538788,22.19574506,17
113.5438511,22.20104289,17
113.5519598,22.21377193,17
113.5617802,22.1455623,17
113.5467584,22.18529715,17
113.5506507,22.21537012,17
113.55191,22.14674817,17
113.5467245,22.2143283,17
113.5506507,22.21537012,17
113.5549077,22.19192037,17
113.5493609,22.21284487,17
113.5385582,22.19908472,17
113.5310124,22.18634124,17
113.5537295,22.2012547,17
113.5421025,22.20234266,17
113.5402954,22.20689732,17
113.5521496,22.20769319,17
113.5566604,22.20607321,17
113.5581114,22.15803885,17
113.5495405,22.20947106,17
113.5512974,22.21201115,17
113.5509689,22.1926928,17
113.5493609,22.21284487,17
113.5476185,22.20159266,17
113.5439957,22.21350349,17
113.5517736,22.21075057,17
113.5382888,22.19382725,17
113.5459256,22.19764293,17
113.5536482,22.2039475,17
113.5382888,22.19382725,17
113.5476185,22.20159266,17
113.5612442,22.12993128,17
113.5462886,22.19587003,17
113.5486635,22.20878216,17
113.5501088,22.21102064,17
113.5542361,22.20952043,17
113.5521322,22.21357517,17
113.5684372,22.11702792,17
113.5580572,22.12693639,17
113.5739732,22.1441833,17
113.5558583,22.2127152,17
113.5710671,22.14774507,17
113.5540315,22.14860159,17
113.5501176,22.21365756,17
113.5506507,22.21537012,17
113.5494083,22.11375518,17
113.5547913,22.20866606,17
113.5710671,22.14774507,17
113.5457424,22.20867541,17
113.5640938,22.13818943,17
113.5505388,22.21026618,17
113.544735,22.20613849,17
113.547434,22.20171334,17
113.5409064,22.202129,17
113.5469445,22.19117865,17
113.540419,22.2028902,17
113.55191,22.14674817,17
113.5547721,22.21122191,17
113.5469847,22.20447043,17
113.5653835,22.14610819,17
113.5653835,22.14610819,17
113.544221,22.20261121,17
113.5438657,22.12911056,17
113.5467584,22.18529715,17
113.5424821,22.19340931,17
113.5376635,22.18733849,17
113.55191,22.14674817,17
113.5450736,22.1956425,17
113.5376635,22.18733849,17
113.5469308,22.20119018,17
113.5467027,22.19400618,17
113.5432047,22.19774738,17
113.5461499,22.20071746,17
113.5382888,22.19382725,17
113.542518,22.19557316,17
113.5550119,22.20688582,17
113.5493609,22.21284487,17
113.5347409,22.208074,17
113.5469739,22.20082413,17
113.5418025,22.20622437,17
113.5505388,22.21026618,17
113.5439992,22.20598992,17
113.5436511,22.19341577,17
113.537517,22.18881869,17
113.5436511,22.19341577,17
113.5461499,22.20071746,17
113.5478645,22.21089936,17
113.5507562,22.21175008,17
113.5382888,22.19382725,17
113.5503434,22.20932449,17
113.5395613,22.19337994,17
113.55191,22.14674817,17
113.5469847,22.20447043,17
113.5612442,22.12993128,17
113.5347771,22.19098507,17
113.5443829,22.1948388,17
113.5507544,22.20935726,17
113.543442,22.20196536,17
113.5510425,22.2024734,17
113.5683803,22.1452123,17
113.5506507,22.21537012,17
113.5558583,22.2127152,17
113.5396274,22.19438045,17
113.5511384,22.20678307,17
113.5493609,22.21284487,17
113.53439,22.19164739,17
113.5508015,22.20958342,17
113.5392552,22.19819097,17
113.5478645,22.21089936,17
113.5710671,22.14774507,17
113.5420341,22.20569768,17
113.5513344,22.21341169,17
113.55191,22.14674817,17
113.546225,22.20291038,17
113.5515373,22.19151541,17
113.5534324,22.2084757,17
113.5479342,22.2022375,17
113.5480964,22.20432954,17
113.5539327,22.15866234,17
113.5567413,22.2103258,17
113.5462872,22.26430612,17
113.5507562,22.21175008,17
113.5453527,22.20406503,17
113.5467245,22.2143283,17
113.5493609,22.21284487,17
113.5560643,22.1574464,17
113.5533614,22.20571562,17
113.55191,22.14674817,17
113.5493609,22.21284487,17
113.5394163,22.20299002,17
113.5495405,22.20947106,17
113.5619676,22.1436668,17
113.5570882,22.20783349,17
113.5491153,22.21256831,17
113.545509,22.12691503,17
113.5384122,22.1926311,17
113.5444403,22.18980711,17
113.5653254,22.14584302,17
113.5503384,22.20973463,17
113.55191,22.14674817,17
113.5444403,22.18980711,17
113.5445169,22.20045506,17
113.5535695,22.21207717,17
113.5486022,22.19592255,17
113.550893,22.18865421,17
113.5494502,22.21114646,17
113.5613376,22.1583957,17
113.5549077,22.19192037,17
113.5426496,22.16101964,17
113.5462886,22.19587003,17
113.5438536,22.19402141,17
113.542852,22.19407533,17
113.5461188,22.20190882,17
113.5445169,22.20045506,17
113.5547913,22.20866606,17
113.5527128,22.19284397,17
113.5480627,22.21425088,17
113.5448172,22.19161254,17
113.5383941,22.19339733,17
113.5563776,22.20948594,17
113.5491153,22.21256831,17
113.5429426,22.20370792,17
113.5491153,22.21256831,17
113.5549077,22.19192037,17
113.5477968,22.20337463,17
113.5493609,22.21284487,17
113.5436169,22.21124694,17
113.5541849,22.19493024,17
113.5540315,22.14860159,17
113.5481373,22.19260648,17
113.551986,22.21239851,17
113.551986,22.21239851,17
113.5460834,22.19048769,17
113.541502,22.20200025,17
113.5521496,22.20769319,17
113.5413116,22.19959699,17
113.5413196,22.20061237,17
113.5387094,22.20199608,17
113.5739732,22.1441833,17
113.5613376,22.1583957,17
113.5444403,22.18980711,17
113.5429641,22.1975418,17
113.5443692,22.20505736,17
113.5493609,22.21284487,17
113.5526966,22.13282699,17
113.5554277,22.2086301,17
113.5524501,22.21153004,17
113.5493609,22.21284487,17
113.5495405,22.20947106,17
113.5575202,22.20519926,17
113.5429613,22.19324127,17
113.5457067,22.20204104,17
113.5461059,22.20014817,17
113.5544568,22.20536637,17
113.5077034,22.27194394,17
113.5558583,22.2127152,17
113.5493609,22.21284487,17
113.5417845,22.20476982,17
113.5553247,22.20490765,17
113.5449473,22.21103461,17
113.5550119,22.20688582,17
113.5430254,22.19393365,17
113.5461872,22.21416617,17
113.544934,22.19962762,17
113.5436914,22.19023772,17
113.55191,22.14674817,17
113.5529051,22.21147782,17
113.5493609,22.21284487,17
113.556403,22.20499042,17
113.5569253,22.15381937,17
113.5616137,22.14831215,17
113.5503434,22.20932449,17
113.5493609,22.21284487,17
113.5540888,22.20931811,17
113.5350813,22.18555483,17
113.5540661,22.15670081,17
113.5433956,22.19076329,17
113.5439417,22.21155172,17
113.5461499,22.20071746,17
113.5399434,22.19263052,17
113.5493848,22.20040262,17
113.5550268,22.16122816,17
113.5433956,22.19076329,17
113.5438536,22.19402141,17
113.5383956,22.20180731,17
113.5493609,22.21284487,17
113.542467,22.19436862,17
113.5468727,22.2007319,18
113.5460975,22.20486781,18
113.5507544,22.20935726,18
113.5382888,22.19382725,18
113.5471352,22.20244302,18
113.5398678,22.19889958,18
113.5503262,22.21260358,18
113.5439555,22.19895638,18
113.5445169,22.20045506,18
113.5549976,22.19648315,18
113.5511384,22.20678307,18
113.5524851,22.11684706,18
113.550912,22.15762163,18
113.5534257,22.18830357,18
113.5386412,22.20298728,18
113.5503434,22.20932449,18
113.5478297,22.20543541,18
113.55191,22.14674817,18
113.5460513,22.19047963,18
113.5498694,22.20842731,18
113.5460513,22.19047963,18
113.5778254,22.13480246,18
113.547777,22.19963928,18
113.5580091,22.2071727,18
113.547785,22.19892605,18
113.5653254,22.14584302,18
113.5506507,22.21537012,18
113.5497591,22.20909934,18
113.5497591,22.20909934,18
113.5435664,22.20089225,18
113.5414356,22.20471705,18
113.5460834,22.19048769,18
113.5457769,22.20157902,18
113.5429857,22.20334088,18
113.5414124,22.19132327,18
113.5523078,22.20984721,18
113.549656,22.20670132,18
113.5493609,22.21284487,18
113.5444246,22.20014476,18
113.5461059,22.20014817,18
113.5461059,22.20014817,18
113.5549077,22.19192037,18
113.5509689,22.1926928,18
113.5460834,22.19048769,18
113.5384755,22.19151884,18
113.5444246,22.20014476,18
113.5444246,22.20014476,18
113.5552072,22.20859173,18
113.5503384,22.20973463,18
113.5567413,22.2103258,18
113.5567413,22.2103258,18
113.5468727,22.2007319,18
113.539214,22.19973642,18
113.5471352,22.20244302,18
113.5493609,22.21284487,18
113.5439992,22.20598992,18
113.5460834,22.19048769,18
113.5444246,22.20014476,18
113.5505388,22.21026618,18
113.5428031,22.20616148,18
113.5461499,22.20071746,18
113.558536,22.14529451,18
113.5381803,22.19689109,18
113.5503434,22.20932449,18
113.5467027,22.19400618,18
113.555189,22.21098252,18
113.5427478,22.19226647,18
113.5350813,22.18555483,18
113.5503434,22.20932449,18
113.5428364,22.20290542,18
113.5616137,22.14831215,18
113.5498694,22.20842731,18
113.5463735,22.2007089,18
113.5552072,22.20859173,18
113.5455982,22.19006857,18
113.545771,22.20084775,18
113.5389022,22.1985183,18
113.5739732,22.1441833,18
113.5413116,22.19959699,18
113.566432,22.14907962,18
113.5616137,22.14831215,18
113.5501282,22.20506163,18
113.54332,22.19800871,18
113.5778254,22.13480246,18
113.5375344,22.1991024,18
113.5469308,22.20119018,18
113.5428806,22.20085979,18
113.5552904,22.20920307,18
113.5553247,22.20490765,18
113.5382888,22.19382725,18
113.5521496,22.20769319,18
113.5612331,22.13031642,18
113.5461499,22.20071746,18
113.5471545,22.1997241,18
113.5489138,22.21301208,18
113.5493609,22.21284487,18
113.5377781,22.19822064,18
113.5529475,22.20603202,18
113.536904,22.19238756,18
113.5563776,22.20948594,18
113.5461349,22.20089049,18
113.5457067,22.20204104,18
113.5407441,22.19980783,18
113.5683803,22.1452123,18
113.5508005,22.20957842,18
113.5464003,22.20390507,18
113.5467027,22.19400618,18
113.5478645,22.21089936,18
113.5390078,22.19383287,18
113.55191,22.14674817,18
113.5429357,22.20151814,18
113.556455,22.20578278,18
113.538788,22.19574506,18
113.5688532,22.1589822,18
113.5461499,22.20071746,18
113.5495405,22.20947106,18
113.5471775,22.19954708,18
113.5684372,22.11702792,18
113.5467594,22.18529315,18
113.540969,22.19533974,18
113.5467537,22.1957339,18
113.5461499,22.20071746,18
113.560036,22.12893015,18
113.5459256,22.19764293,18
113.5644118,22.13026263,18
113.55191,22.14674817,18
113.5408673,22.20145968,18
113.5568329,22.15702347,18
113.5536482,22.2039475,18
113.5463735,22.2007089,18
113.5401593,22.2036779,18
113.5777856,22.16239329,18
113.5501176,22.21365756,18
113.5524501,22.21153004,18
113.5461499,22.20071746,18
113.5461499,22.20071746,18
113.5487514,22.21401712,18
113.5521496,22.20769319,18
113.5496252,22.20268987,18
113.542286,22.20235105,18
113.55191,22.14674817,18
113.5739732,22.1441833,18
113.5438511,22.20104289,18
113.5503434,22.20932449,18
113.5520723,22.14665542,18
113.5542361,22.20952043,18
113.5489138,22.21301208,18
113.5461061,22.19687502,18
113.53439,22.19164739,18
113.5467584,22.18529715,18
113.536898,22.19342492,18
113.5461188,22.20190882,18
113.5487514,22.21401712,18
113.556455,22.20578278,18
113.558536,22.14529451,18
113.5565844,22.15595066,18
113.556455,22.20578278,18
113.580255,22.13275212,18
113.554816,22.11992832,18
113.55191,22.14674817,18
113.5513344,22.21341169,18
113.5407124,22.19279027,18
113.55191,22.14674817,18
113.543975,22.2075034,18
113.5616791,22.14360338,18
113.5458455,22.19505585,18
113.5499068,22.18798916,18
113.5460834,22.19048769,18
113.5464003,22.20390507,18
113.5372334,22.20111942,18
113.5460834,22.19048769,18
113.5495405,22.20947106,18
113.5430422,22.19775004,18
113.556403,22.20499042,18
113.5459256,22.19764293,18
113.5429834,22.16150054,18
113.5429834,22.16150054,18
113.5468673,22.19167868,18
113.5506507,22.21537012,18
113.5366812,22.19514303,18
113.550912,22.15762163,18
113.55191,22.14674817,18
113.5421447,22.20064415,18
113.543974,22.19199994,18
113.5439992,22.20598992,18
113.5430254,22.19393365,18
113.5409064,22.202129,18
113.55191,22.14674817,18
113.55191,22.14674817,18
113.5494083,22.11375518,18
113.5506507,22.21537012,18
113.5555971,22.20777709,18
113.5419379,22.20579651,18
113.5496016,22.21135882,18
113.5552072,22.20859173,18
113.5433956,22.19076329,18
113.556403,22.20499042,18
113.5436169,22.21124694,18
113.5461349,22.20089049,18
113.5549077,22.19192037,18
113.5313132,22.18822467,18
113.5445688,22.20279299,18
113.5368629,22.20875821,18
113.5455783,22.2032602,18
113.5460834,22.19048769,18
113.5543996,22.2071899,18
113.5420692,22.18940099,18
113.5493609,22.21284487,18
113.5548948,22.12642813,18
113.5382888,22.19382725,18
113.5739732,22.1441833,18
113.5568909,22.20625464,18
113.5501088,22.21102064,18
113.5392747,22.20675201,18
113.5424821,22.19340931,19
113.5530538,22.20465873,19
113.5495405,22.20947106,19
113.5506507,22.21537012,19
113.5506507,22.21537012,19
113.5498955,22.20780514,19
113.5461499,22.20071746,19
113.5382888,22.19382725,19
113.5464003,22.20390507,19
113.5452035,22.20173591,19
113.5616137,22.14831215,19
113.550893,22.18865421,19
113.5385441,22.20042516,19
113.5747463,22.15770924,19
113.5474297,22.19132565,19
113.5547913,22.20866606,19
113.5540315,22.14860159,19
113.5491153,22.21256831,19
113.5459895,22.20111928,19
113.5526966,22.13282699,19
113.5702945,22.14032637,19
113.5506507,22.21537012,19
113.5467245,22.2143283,19
113.5409853,22.20719193,19
113.5477446,22.20448892,19
113.544999,22.20109427,19
113.5494636,22.20605774,19
113.5499068,22.18798916,19
113.547777,22.19963928,19
113.5460834,22.19048769,19
113.5684372,22.11702792,19
113.5616791,22.14360338,19
113.5445169,22.20045506,19
113.542495,22.19576918,19
113.5514238,22.21021176,19
113.5479439,22.19209492,19
113.5491153,22.21256831,19
113.5600177,22.14821686,19
113.5503434,22.20932449,19
113.5493609,22.21284487,19
113.5495405,22.20947106,19
113.5747463,22.15770924,19
113.5467757,22.21292592,19
113.5350813,22.18555483,19
113.5448107,22.19933427,19
113.5397178,22.19241795,19
113.5401593,22.2036779,19
113.5503384,22.20973463,19
113.5421383,22.20637814,19
113.5459256,22.19764293,19
113.5529093,22.16042726,19
113.5388543,22.19495192,19
113.5446841,22.20374055,19
113.5432538,22.19845974,19
113.5454274,22.19589231,19
113.5566784,22.15963023,19
113.5528012,22.1579091,19
113.5346387,22.19097674,19
113.5392747,22.20675201,19
113.5436914,22.19023772,19
113.5503434,22.20932449,19
113.547785,22.19892605,19
113.5462886,22.19587003,19
113.5486022,22.19592255,19
113.5455783,22.2032602,19
113.5470431,22.20113738,19
113.5392859,22.20303074,19
113.5493609,22.21284487,19
113.54134,22.19444723,19
113.5478668,22.18990799,19
113.5540315,22.14860159,19
113.5438511,22.20104289,19
113.5493609,22.21284487,19
113.5354369,22.19330046,19
113.5540888,22.20931811,19
113.5549077,22.19192037,19
113.5589288,22.12885249,19
113.5459256,22.19764293,19
113.5493609,22.21284487,19
113.5553235,22.20803373,19
113.5430529,22.2038402,19
113.5382888,22.19382725,19
113.553133,22.20549915,19
113.553133,22.20549915,19
113.542495,22.19576918,19
113.547541,22.18994537,19
113.5411845,22.21118974,19
113.5440266,22.20011593,19
113.5493609,22.21284487,19
113.551986,22.21239851,19
113.5548677,22.20500393,19
113.5440569,22.19779017,19
113.5389053,22.1973859,19
113.561543,22.14087511,19
113.5553247,22.20490765,19
113.5443787,22.21282705,19
113.5424625,22.20089492,19
113.5431953,22.20392153,19
113.55191,22.14674817,19
113.5429613,22.19324127,19
113.5455783,22.2032602,19
113.5450736,22.1956425,19
113.5653254,22.14584302,19
113.546125,22.21368989,19
113.5452115,22.20138581,19
113.5554435,22.19655091,19
113.5480627,22.21425088,19
113.5430254,22.19393365,19
113.544735,22.20613849,19
113.5431282,22.20248488,19
113.5553235,22.20803373,19
113.5505388,22.21026618,19
113.5460834,22.19048769,19
113.537923,22.18976796,19
113.5587607,22.20489005,19
113.5461349,22.20089049,19
113.5466782,22.20064148,19
113.561543,22.14087511,19
113.5708868,22.16395919,19
113.5443829,22.1948388,19
113.5466018,22.20523794,19
113.5464003,22.20390507,19
113.5384122,22.1926311,19
113.5467027,22.19400618,19
113.5596792,22.16206575,19
113.5522149,22.20544353,19
113.5648406,22.14473598,19
113.5463334,22.20066281,19
113.5710671,22.14774507,19
113.5438536,22.19402141,19
113.5463925,22.20078997,19
113.5648406,22.14473598,19
113.5435664,22.20089225,19
113.5467675,22.19958629,19
113.5397698,22.19442478,19
113.5467027,22.19400618,19
113.5459256,22.19764293,19
113.5395436,22.20401166,19
113.5429902,22.19586026,19
113.5549077,22.19192037,19
113.5495284,22.21191087,20
113.5457271,22.21232763,20
113.5439992,22.20598992,20
113.5549976,22.19648315,20
113.5557371,22.19694253,20
113.5444403,22.18980711,20
113.5351531,22.19257353,20
113.5648324,22.16421255,20
113.5444283,22.18996715,20
113.5616791,22.14360338,20
113.5548792,22.15129207,20
113.5409853,22.20719193,20
113.5497591,22.20909934,20
113.5443712,22.20527344,20
113.5648324,22.16421255,20
113.5512974,22.21201115,20
113.5436914,22.19023772,20
113.5547944,22.20854003,20
113.5616137,22.14831215,20
113.5524486,22.20290706,20
113.540424,22.20318731,20
113.5364716,22.17967393,20
113.5489928,22.21593522,20
113.5421447,22.20064415,20
113.5443712,22.20527344,20
113.5444283,22.18996715,20
113.5463925,22.20078997,20
113.5495284,22.21191087,20
113.5501088,22.21102064,20
113.5461059,22.20014817,20
113.5694208,22.16231208,20
113.5562955,22.20822537,20
113.5392794,22.19544305,20
113.5542415,22.20350936,20
113.5562955,22.20822537,20
113.5382888,22.19382725,20
113.5382888,22.19382725,20
113.5432906,22.20219112,20
113.5493609,22.21284487,20
113.5540315,22.14860159,20
113.5503434,22.20932449,20
113.5528913,22.2079996,20
113.5528913,22.2079996,20
113.5570882,22.20783349,20
113.55191,22.14674817,20
113.547785,22.19892605,20
113.5557371,22.19694253,20
113.5444403,22.18980711,20
113.5538481,22.19636218,20
113.5477968,22.20337463,20
113.55191,22.14674817,20
113.5485793,22.20865896,20
113.5431782,22.20392249,20
113.544735,22.20613849,20
113.5501088,22.21102064,20
113.540619,22.19514891,20
113.55191,22.14674817,20
113.5382888,22.19382725,20
113.5544636,22.20874354,20
113.5503434,22.20932449,20
113.5503434,22.20932449,20
113.5503434,22.20932449,20
113.5503434,22.20932449,20
113.5440863,22.16092562,20
113.5503434,22.20932449,20
113.5526966,22.13282699,20
113.534387,22.19127925,20
113.5455982,22.19006857,20
113.5392747,22.20675201,20
113.5473216,22.20370782,20
113.5512974,22.21201115,20
113.5503434,22.20932449,20
113.5503434,22.20932449,20
113.5442006,22.20691466,20
113.5503434,22.20932449,20
113.5493609,22.21284487,20
113.5460834,22.19048769,20
113.5503434,22.20932449,20
113.5460834,22.19048769,20
113.5528913,22.2079996,20
113.5493609,22.21284487,20
113.5557371,22.19694253,20
113.534387,22.19127925,20
113.5460834,22.19048769,20
113.5503434,22.20932449,20
113.5654475,22.14748582,20
113.5485793,22.20865896,20
113.5567413,22.2103258,20
113.5478668,22.18990799,20
113.5493609,22.21284487,20
113.5506217,22.15127263,20
113.5469877,22.18927305,20
113.5567413,22.2103258,20
113.5567413,22.2103258,20
113.558533,22.16200302,20
113.5582627,22.20554352,20
113.5479342,22.2022375,20
113.5474297,22.19132565,20
113.5503434,22.20932449,20
113.5512974,22.21201115,20
113.5533028,22.15022898,20
113.55191,22.14674817,20
113.5401067,22.19536086,20
113.5444283,22.18996715,20
113.5382888,22.19382725,20
113.5485793,22.20865896,20
113.5566604,22.20607321,20
113.552767,22.16094421,20
113.5503434,22.20932449,20
113.5503434,22.20932449,20
113.5497591,22.20909934,21
113.5683803,22.1452123,21
113.5493609,22.21284487,21
113.5493609,22.21284487,21
113.5626558,22.12912488,21
113.5431034,22.19764113,21
113.5444403,22.18980711,21
113.5657682,22.14483015,21
113.5444403,22.18980711,21
113.5390636,22.19895081,21
113.5503434,22.20932449,21
113.5435098,22.20729035,21
113.5554837,22.13173226,21
113.5503434,22.20932449,21
113.5505388,22.21026618,21
113.544735,22.20613849,21
113.544735,22.20613849,21
113.5444283,22.18996715,21
113.5382888,22.19382725,21
113.546125,22.21368989,21
113.5739732,22.1441833,21
113.5603089,22.13884555,21
113.5493609,22.21284487,21
113.5500408,22.20837361,21
113.5402813,22.19273631,21
113.5476552,22.1908039,21
113.5512974,22.21201115,21
113.5616137,22.14831215,21
113.5382888,22.19382725,21
113.544735,22.20613849,21
113.5480292,22.18970823,21
113.5528012,22.1579091,21
113.5415392,22.19929438,21
113.5540315,22.14860159,21
113.548989,22.21365745,21
113.5503434,22.20932449,21
113.5503434,22.20932449,21
113.5513344,22.21341169,21
113.5513344,22.21341169,21
113.5513344,22.21341169,21
113.5443787,22.21282705,21
113.5507552,22.21175008,21
113.5451329,22.19351886,21
113.5503434,22.20932449,21
113.5464218,22.19733281,21
113.5513344,22.21341169,21
113.5390749,22.21012872,21
113.542467,22.19436862,21
113.5503434,22.20932449,21
113.5469877,22.18927305,21
113.5401067,22.19536086,21
113.5561605,22.15751458,21
113.5436253,22.20494178,21
113.5496124,22.21409577,21
113.534387,22.19127925,21
113.5648406,22.14473598,21
113.5648406,22.14473598,21
113.5503434,22.20932449,21
113.5572795,22.2093163,21
113.541231,22.20562192,21
113.5367299,22.18716027,21
113.5436111,22.19179911,21
113.5380741,22.19500318,21
113.5489138,22.21301208,21
113.5506507,22.21537012,21
113.5538481,22.19636218,21
113.5497591,22.20909934,21
113.547785,22.19892605,21
113.5548792,22.15129207,21
113.548674,22.18521484,21
113.5441802,22.2132918,21
113.5639491,22.14515802,21
113.5639491,22.14515802,21
113.5382888,22.19382725,21
113.5382888,22.19382725,21
113.5503434,22.20932449,21
113.5648406,22.14473598,21
113.5346157,22.19016239,21
113.5565729,22.16459797,21
113.5409853,22.20719193,21
113.5386837,22.19628601,21
113.531516,22.18448281,21
113.5559172,22.15333257,21
113.5542415,22.20350936,21
113.5562955,22.20822537,21
113.5501999,22.21297448,21
113.5440004,22.2019015,21
113.5503434,22.20932449,21
113.5346157,22.19016239,21
113.5581708,22.15349517,21
113.5503434,22.20932449,21
113.5503434,22.20932449,21
113.5444403,22.18980711,21
113.5473216,22.20370782,21
113.5512974,22.21201115,21
113.555185,22.21072242,21
113.5501999,22.21297448,21
113.5401067,22.19536086,21
113.5482346,22.19111413,21
113.5549976,22.19648315,21
113.5623793,22.1603939,21
113.5466018,22.20523794,21
113.5546963,22.20538077,21
113.5676861,22.16253128,21
113.5561721,22.21018184,21
113.5512974,22.21201115,21
113.5417536,22.20282208,21
113.5504968,22.11483065,21
113.5401593,22.2036779,21
113.5358563,22.18979919,21
113.5443787,22.21282705,21
113.5443787,22.21282705,21
113.5556591,22.20950578,21
113.5739732,22.1441833,21
113.555185,22.21072242,21
113.5421447,22.20064415,21
113.5566604,22.20607321,21
113.5554946,22.21201037,21
113.5506507,22.21537012,21
113.5382888,22.19382725,21
113.5497591,22.20909934,21
113.5417536,22.20282208,21
113.5481964,22.20925843,21
113.556403,22.20499042,21
113.5567465,22.1608318,21
113.566432,22.14907962,21
113.5513344,22.21341169,21
113.5503434,22.20932449,21
113.5399875,22.19303377,21
113.5540315,22.14860159,21
113.5401067,22.19536086,21
113.5549077,22.19192037,21
113.5547382,22.16098259,21
113.5466782,22.20064148,21
113.5443692,22.20505736,21
113.5447637,22.19621707,21
113.5436169,22.21124694,21
113.5691989,22.15550022,21
113.5493609,22.21284487,21
113.5434807,22.20838567,22
113.5493609,22.21284487,22
113.5493609,22.21284487,22
113.5653835,22.14610819,22
113.5535695,22.21207717,22
113.5526134,22.11682327,22
113.5492819,22.21051793,22
113.5540315,22.14860159,22
113.55191,22.14674817,22
113.5452035,22.20173591,22
113.5580572,22.12693639,22
113.5559172,22.15333257,22
113.5559172,22.15333257,22
113.5409853,22.20719193,22
113.5347451,22.18979357,22
113.561543,22.14087511,22
113.5407874,22.19641473,22
113.5366812,22.19514303,22
113.550675,22.21192899,22
113.5555971,22.20777709,22
113.534387,22.19127925,22
113.5452035,22.20173591,22
113.5652854,22.14482056,22
113.5460455,22.18828982,22
113.555185,22.21072242,22
113.5425569,22.19842625,22
113.543018,22.20127323,22
113.5503434,22.20932449,22
113.5455982,22.19006857,22
113.5503434,22.20932449,22
113.5391964,22.1913434,22
113.5503434,22.20932449,22
113.5891755,22.15441293,22
113.540619,22.19514891,22
113.5503434,22.20932449,22
113.5721575,22.14875751,22
113.5653835,22.14610819,22
113.5493609,22.21284487,22
113.5501999,22.21297448,22
113.5540315,22.14860159,22
113.5613376,22.1583957,22
113.5529874,22.19325759,22
113.5496016,22.21135882,22
113.5376029,22.20961821,22
113.5452928,22.20043864,22
113.5469877,22.18927305,22
113.5648406,22.14473598,22
113.5739732,22.1441833,22
113.553133,22.20549915,22
113.540619,22.19514891,22
113.5655213,22.15275397,22
113.558533,22.16200302,22
113.566432,22.14907962,22
113.5388324,22.19175173,22
113.5451329,22.19351886,22
113.5503434,22.20932449,22
113.5478668,22.18990799,22
113.5503434,22.20932449,22
113.5778333,22.16769234,22
113.5407874,22.19641473,22
113.5497591,22.20909934,22
113.5435098,22.20729035,22
113.54658,22.20059527,22
113.5561721,22.21018184,22
113.5503693,22.21201046,22
113.5648406,22.14473598,22
113.553133,22.20549915,22
113.5528913,22.2079996,22
113.5467584,22.18529715,22
113.5601501,22.16196039,22
113.5528913,22.2079996,22
113.5570882,22.20783349,22
113.55191,22.14674817,22
113.541238,22.20615912,22
113.5428984,22.18989693,22
113.53439,22.19164739,22
113.5466782,22.20064148,22
113.5493609,22.21284487,22
113.547785,22.19892605,22
113.5478645,22.21089936,22
113.5447637,22.19621707,22
113.5553247,22.20490765,22
113.5513344,22.21341169,22
113.5513344,22.21341169,22
113.5473216,22.20370782,22
113.5473216,22.20370782,22
113.5534324,22.2084757,22
113.555189,22.21098252,22
113.548937,22.21094542,22
113.5401902,22.19002313,22
113.533334,22.19031737,23
113.5407794,22.19603458,23
113.541238,22.20615912,23
113.541238,22.20615912,23
113.5538872,22.19657132,23
113.5410494,22.19246689,23
113.5467675,22.19958629,23
113.5327935,22.18952878,23
113.541238,22.20615912,23
113.541238,22.20615912,23
113.5503434,22.20932449,23
113.5616137,22.14831215,23
113.5616137,22.14831215,23
113.5616137,22.14831215,23
113.5443427,22.19579506,23
113.5336549,22.19108742,23
113.5429494,22.19216485,23
113.5493609,22.21284487,23
113.5440004,22.2019015,23
113.5567413,22.2103258,23
113.5618762,22.14756122,23
113.5552604,22.20753545,23
113.5421939,22.2004672,23
113.5517694,22.21305835,23
113.5407794,22.19603458,23
113.561543,22.14087511,23
113.553689,22.20832909,23
113.553689,22.20832909,23
113.5433874,22.20960689,23
113.541238,22.20615912,23
113.5528913,22.2079996,23
113.5528913,22.2079996,23
113.5517694,22.21305835,23
113.5478208,22.18901158,23
113.553689,22.20832909,23
113.5616791,22.14360338,23
113.5616791,22.14360338,23
113.542467,22.19436862,23
113.548989,22.21365745,23
113.5479169,22.1593917,23
113.5346157,22.19016239,23
113.5513344,22.21341169,23
113.5382888,22.19382725,23
113.5502181,22.20900415,23
113.5324374,22.18968997,23
113.5538916,22.20572453,23
113.5503434,22.20932449,23
113.5497591,22.20909934,23
113.5497591,22.20909934,23
113.543018,22.20127323,23
113.5503434,22.20932449,23
113.5582066,22.15810202,23
113.5503434,22.20932449,23
113.547541,22.18994537,23
113.5421939,22.2004672,23
113.5648324,22.16421255,23
113.5513344,22.21341169,23
113.5474113,22.19607931,23
113.5481008,22.21455906,23
113.5503434,22.20932449,23
113.5570882,22.20783349,23
113.555189,22.21098252,23
113.559491,22.12758581,23
113.5444658,22.19871634,23
113.555189,22.21098252,23
113.5603089,22.13884555,23
113.558135,22.21230365,23
113.534387,22.19127925,23
113.5481964,22.20925843,23
113.5397432,22.20220047,23
113.5514591,22.20791904,23
113.5573778,22.20700966,23
113.555189,22.21098252,23
113.5459141,22.20467337,23
113.5445234,22.20814875,23
113.5514591,22.20791904,23
113.5891755,22.15441293,23
113.5436239,22.21164108,23
113.5385561,22.2004482,23
113.5413196,22.20061237,23
113.5436914,22.19023772,23
113.5446031,22.19970397,23
113.5359955,22.19288163,23
113.5578459,22.15780635,23
113.5462029,22.20298836,23
113.5444403,22.18980711,23
113.5444403,22.18980711,23
113.5461784,22.19504751,23
113.5501999,22.21297448,23
113.544221,22.20261121,23
113.5347409,22.208074,23
113.5463735,22.2007089,23
113.5523047,22.21167283,23
113.533334,22.19031737,23
113.5616137,22.14831215,23
113.5616791,22.14360338,23
113.5562297,22.15579303,24
113.561104,22.144666,24
113.5616791,22.14360338,24
113.5336549,22.19108742,24
113.5648406,22.14473598,24
113.548989,22.21365745,24
113.5434516,22.20936294,24
113.5653254,22.14584302,24
113.5560643,22.1574464,24
113.5567767,22.20479495,24
113.5508015,22.20958342,24
113.5639491,22.14515802,24
113.553689,22.20832909,24
113.5547721,22.21122191,24
113.5495254,22.21186485,24
113.560449,22.14110966,24
113.5345454,22.19191286,24
113.5336549,22.19108742,24
113.5336549,22.19108742,24
113.5436111,22.19179911,24
113.558135,22.21230365,24
113.5513344,22.21341169,24
113.553689,22.20832909,24
113.538019,22.19525914,24
113.5467584,22.18529715,24
113.555189,22.21098252,24
113.5639491,22.14515802,24
113.5491153,22.21256831,24
113.5639491,22.14515802,24
113.5537238,22.19693717,24
113.538019,22.19525914,24
113.5467584,22.18529715,24
113.5513344,22.21341169,24
113.5464218,22.19733281,24
113.5497591,22.20909934,24
113.5513344,22.21341169,24
113.5526966,22.13282699,24
113.5513344,22.21341169,24
113.5513344,22.21341169,24
113.5513344,22.21341169,24
113.5539183,22.19554101,24
113.5503434,22.20932449,24
113.5372909,22.19640288,24
113.5513344,22.21341169,24
113.5512447,22.15809841,24
113.5616137,22.14831215,24
113.5513344,22.21341169,24
113.553689,22.20832909,24
113.5548762,22.19752532,24
113.5552424,22.16036319,24
113.5503434,22.20932449,24
113.5778254,22.13480246,24
113.5538872,22.19657132,24
113.5547721,22.21122191,24
113.553689,22.20832909,24
113.5553247,22.20490765,24
113.5601501,22.16196039,24
113.5618762,22.14756122,24
113.5779844,22.13534401,24
113.5467027,22.19400618,25
113.5538872,22.19657132,25
113.537923,22.18976796,25
113.5467584,22.18529715,25
113.540619,22.19514891,25
113.5404495,22.19581077,25
113.5455706,22.2146531,25
113.5497591,22.20909934,25
113.5497591,22.20909934,25
113.561104,22.144666,25
113.5429857,22.20334088,25
113.5497591,22.20909934,25
113.5497591,22.20909934,25
113.5558583,22.2127152,25
113.5408723,22.20160074,25
113.5501088,22.21102064,25
113.5424428,22.21125846,25
113.5474297,22.19132565,25
113.543119,22.18832383,25
113.5567413,22.2103258,25
113.5497591,22.20909934,25
113.5436914,22.19023772,25
113.5547944,22.20854003,25
113.540619,22.19514891,25
113.5387311,22.19291492,25
113.5526966,22.13282699,25
113.538019,22.19525914,25
113.5429834,22.16150054,25
113.540969,22.19533974,25
113.5497591,22.20909934,25
113.5497591,22.20909934,25
113.5625435,22.1462326,25
113.5444157,22.21410256,25
113.5441076,22.20311815,25
113.5616791,22.14360338,25
113.5683803,22.1452123,25
113.5513344,22.21341169,25
113.5538481,22.19636218,25
113.5616791,22.14360338,25
113.5616791,22.14360338,25
113.5575173,22.20413588,25
113.5616791,22.14360338,25
113.5513344,22.21341169,25
113.5513344,22.21341169,25
113.5616791,22.14360338,25
113.5503434,22.20932449,26
113.558533,22.16200302,26
113.5616137,22.14831215,26
113.5616137,22.14831215,26
113.537923,22.18976796,26
113.5517694,22.21305835,26
113.5612331,22.13031642,26
113.5616137,22.14831215,26
113.5434884,22.19786202,26
113.5460975,22.20486781,26
113.537923,22.18976796,26
113.5616791,22.14360338,26
113.5501088,22.21102064,26
113.5710671,22.14774507,26
113.5683803,22.1452123,26
113.5561721,22.21018184,26
113.5515346,22.2025213,26
113.5409164,22.20184192,26
113.547541,22.18994537,26
113.541238,22.20615912,26
113.5521496,22.20769319,26
113.5531641,22.18872727,26
113.553133,22.20549915,26
113.5570882,22.20783349,26
113.5347771,22.19098507,26
113.5444403,22.18980711,26
113.5517694,22.21305835,26
113.5501088,22.21102064,26
113.5540315,22.14860159,26
113.5612331,22.13031642,26
113.5373842,22.19485755,26
113.5547279,22.14969519,26
113.538958,22.2041574,26
113.5434884,22.19786202,26
113.5478208,22.18901158,26
113.5616791,22.14360338,26
113.5434884,22.19786202,26
113.5653274,22.14590004,26
113.5616791,22.14360338,26
113.5365227,22.19706635,26
113.553689,22.20832909,26
113.5547279,22.14969519,26
113.5513344,22.21341169,26
113.5436111,22.19179911,26
113.5382888,22.19382725,26
113.5612331,22.13031642,26
113.5653274,22.14590004,26
113.553689,22.20832909,26
113.5501088,22.21102064,27
113.5747463,22.15770924,27
113.5616791,22.14360338,27
113.5616791,22.14360338,27
113.5616791,22.14360338,27
113.5616791,22.14360338,27
113.550569,22.20894378,27
113.5541776,22.19986898,27
113.5616791,22.14360338,27
113.5616791,22.14360338,27
113.541502,22.20200025,27
113.5616791,22.14360338,27
113.5616791,22.14360338,27
113.5616791,22.14360338,27
113.5616791,22.14360338,27
113.5513344,22.21341169,27
113.5397432,22.20220047,27
113.5382888,22.19382725,27
113.5616791,22.14360338,27
113.5514763,22.15756663,27
113.5514763,22.15756663,27
113.5514763,22.15756663,27
113.5554277,22.2086301,27
113.5616791,22.14360338,27
113.5549077,22.19192037,27
113.5616791,22.14360338,27
113.5616791,22.14360338,27
113.5442704,22.21383217,27
113.546125,22.21368989,27
113.5406381,22.21087444,27
113.5441774,22.21043382,27
113.5489095,22.20259149,27
113.5617802,22.1455623,27
113.5373842,22.19485755,27
113.5523538,22.21244418,27
113.5383534,22.20222136,27
113.5747463,22.15770924,27
113.542495,22.19576918,27
113.54362,22.20990448,27
113.5439461,22.20455632,27
113.5739732,22.1441833,27
113.5616791,22.14360338,27
113.5497591,22.20909934,27
113.5501508,22.21132782,27
113.5616791,22.14360338,27
113.5521654,22.21183564,27
113.5616791,22.14360338,27
113.5486635,22.20878216,27
113.5474314,22.21194487,27
113.5616791,22.14360338,27
113.5710671,22.14774507,27
113.5523709,22.19614654,28
113.553689,22.20832909,28
113.5652854,22.14482056,28
113.5616791,22.14360338,28
113.5503434,22.20932449,28
113.5616791,22.14360338,28
113.5452972,22.19527882,28
113.5616791,22.14360338,28
113.5639491,22.14515802,28
113.5513344,22.21341169,28
113.5513344,22.21341169,28
113.5467027,22.19400618,28
113.561104,22.144666,28
113.561104,22.144666,28
113.542495,22.19576918,28
113.5529874,22.19325759,28
113.561104,22.144666,28
113.5503434,22.20932449,28
113.5547279,22.14969519,28
113.5616791,22.14360338,28
113.5365521,22.19130136,28
113.5503434,22.20932449,28
113.5556924,22.15887835,28
113.5616791,22.14360338,28
113.5499999,22.18869759,28
113.5434884,22.19786202,28
113.5499068,22.18798916,28
113.5434884,22.19786202,28
113.5337973,22.19080967,28
113.541502,22.20200025,28
113.5583025,22.21028221,28
113.5616791,22.14360338,28
113.5616791,22.14360338,28
113.5616791,22.14360338,28
113.5373842,22.19485755,28
113.5501088,22.21102064,28
113.5348444,22.18972278,28
113.5575173,22.20413588,28
113.5435098,22.20729035,28
113.5616791,22.14360338,28
113.5616791,22.14360338,28
113.5616791,22.14360338,28
113.5380092,22.19147377,28
113.5616791,22.14360338,28
113.5616791,22.14360338,28
113.5616791,22.14360338,28
113.5616791,22.14360338,28
113.5616791,22.14360338,29
113.5570882,22.20783349,29
113.5484046,22.19705358,29
113.5503434,22.20932449,29
113.5514763,22.15756663,29
113.5616791,22.14360338,29
113.5547721,22.21122191,29
113.533277,22.18823948,29
113.5434884,22.19786202,29
113.544126,22.19901775,29
113.5365612,22.19134339,29
113.5616791,22.14360338,29
113.5616791,22.14360338,29
113.5451329,22.19351886,29
113.5547721,22.21122191,29
113.5489138,22.21301208,29
113.5616791,22.14360338,29
113.548921,22.2103722,29
113.5474314,22.21194487,29
113.5382888,22.19382725,29
113.5503693,22.21201046,29
113.5413041,22.19145308,29
113.5616791,22.14360338,29
113.5365521,22.19130136,29
113.5362254,22.18874768,29
113.537757,22.19831963,29
113.5501088,22.21102064,29
113.5804983,22.13284029,29
113.5616791,22.14360338,29
113.5616791,22.14360338,29
113.5626558,22.12912488,29
113.5538481,22.19636218,29
113.5408688,22.19305371,29
113.5616791,22.14360338,30
113.5523538,22.21244418,30
113.5303987,22.18484917,30
113.5514763,22.15756663,30
113.5463925,22.18599568,30
113.5439461,22.20455632,30
113.57319,22.16410038,30
113.5439461,22.20455632,30
113.5616791,22.14360338,30
113.5616791,22.14360338,30
113.5412189,22.19132385,30
113.5366404,22.19122053,30
113.5516427,22.18859054,30
113.5547721,22.21122191,30
113.5526966,22.13282699,30
113.5383534,22.20222136,30
113.5433874,22.20960689,30
113.5501088,22.21102064,30
113.5616791,22.14360338,30
113.5529093,22.16042726,31
113.5365521,22.19130136,31
113.5409116,22.19913296,31
113.5603904,22.14828442,31
113.5366404,22.19122053,31
113.5379718,22.19549212,31
113.5442376,22.1928688,31
113.5501088,22.21102064,31
113.5616791,22.14360338,31
113.5501088,22.21102064,31
113.5803731,22.13283022,31
113.5803731,22.13283022,31
113.5362954,22.19093763,31
113.5616791,22.14360338,31
113.5424666,22.20071787,31
113.5366404,22.19122053,31
113.5616791,22.14360338,31
113.5616791,22.14360338,31
113.5366404,22.19122053,31
113.5739732,22.1441833,31
113.5365521,22.19130136,31
113.5365521,22.19130136,31
113.5521496,22.20769319,31
113.5616791,22.14360338,31
113.5488603,22.15723267,31
113.5503434,22.20932449,31
113.5616137,22.14831215,31
113.5437789,22.20135185,31
113.5409116,22.19913296,31
113.5616137,22.14831215,31
113.5409116,22.19913296,31
113.5616791,22.14360338,31
113.5547721,22.21122191,32
113.5366404,22.19122053,32
113.5616791,22.14360338,32
113.5616791,22.14360338,32
113.5450133,22.21380669,32
113.5501088,22.21102064,32
113.5489138,22.21301208,32
113.5525457,22.15761954,32
113.5616791,22.14360338,32
113.543167,22.2071966,32
113.543167,22.2071966,32
113.5514763,22.15756663,32
113.5616791,22.14360338,32
113.5616791,22.14360338,32
113.5319271,22.18729685,32
113.5616791,22.14360338,32
113.5501088,22.21102064,33
113.5382485,22.21279477,33
113.5365521,22.19130136,33
113.5394897,22.18383433,33
113.5501088,22.21102064,33
113.5501088,22.21102064,33
113.5501088,22.21102064,33
113.5540315,22.14860159,34
113.5409116,22.19913296,34
113.5496306,22.21256528,34
113.5409116,22.19913296,34
113.5366404,22.19122053,34
113.5567946,22.16077185,34
113.5501088,22.21102064,34
113.5419379,22.20579651,34
113.5648406,22.14473598,35
113.5545108,22.20821344,35
113.5496306,22.21256528,35
113.5525457,22.15761954,35
113.5496306,22.21256528,35
113.5525457,22.15761954,35
113.5525457,22.15761954,35
113.5470816,22.19524637,35
113.5525457,22.15761954,36
113.5618762,22.14756122,36
113.5501088,22.21102064,36
113.5670751,22.16351897,36
113.5501088,22.21102064,36
113.5616791,22.14360338,36
113.5616791,22.14360338,36
113.5501088,22.21102064,37
113.5525457,22.15761954,37
